ts_code,trade_time,open,close,high,low,vol,amount,oi,change1
OI2309.ZCE,2023-04-20 15:00:00,8514.0,8517.0,8522.0,8509.0,15960.0,1359653790.0,241161.0,
OI2309.ZCE,2023-04-20 14:45:00,8504.0,8514.0,8520.0,8501.0,16780.0,1428149220.0,243353.0,-3.0
OI2309.ZCE,2023-04-20 14:30:00,8508.0,8504.0,8509.0,8491.0,16524.0,1404785370.0,243723.0,-10.0
OI2309.ZCE,2023-04-20 14:15:00,8515.0,8508.0,8521.0,8506.0,15276.0,1300559590.0,244169.0,4.0
OI2309.ZCE,2023-04-20 14:00:00,8508.0,8514.0,8523.0,8502.0,19726.0,1679284380.0,245028.0,6.0
OI2309.ZCE,2023-04-20 13:45:00,8491.0,8509.0,8513.0,8482.0,24848.0,2112151950.0,246837.0,-5.0
OI2309.ZCE,2023-04-20 11:30:00,8466.0,8480.0,8494.0,8466.0,21983.0,1864838180.0,247467.0,-29.0
OI2309.ZCE,2023-04-20 11:15:00,8510.0,8466.0,8513.0,8466.0,41936.0,3557196570.0,247556.0,-14.0
OI2309.ZCE,2023-04-20 11:00:00,8507.0,8509.0,8529.0,8504.0,27507.0,2342386050.0,245310.0,43.0
OI2309.ZCE,2023-04-20 10:45:00,8583.0,8508.0,8585.0,8506.0,60530.0,5168558300.0,244425.0,-1.0
OI2309.ZCE,2023-04-20 10:15:00,8609.0,8584.0,8618.0,8579.0,19911.0,1711081970.0,243339.0,76.0
OI2309.ZCE,2023-04-20 10:00:00,8600.0,8608.0,8625.0,8599.0,17913.0,1543137470.0,243383.0,24.0
OI2309.ZCE,2023-04-20 09:45:00,8590.0,8599.0,8618.0,8583.0,20499.0,1763342640.0,242739.0,-9.0
OI2309.ZCE,2023-04-20 09:30:00,8586.0,8590.0,8599.0,8573.0,19562.0,1679581180.0,242905.0,-9.0
OI2309.ZCE,2023-04-20 09:15:00,8599.0,8586.0,8621.0,8573.0,53219.0,4574699820.0,243927.0,-4.0
OI2309.ZCE,2023-04-19 23:00:00,8639.0,8638.0,8641.0,8628.0,19780.0,1707925370.0,242545.0,52.0
OI2309.ZCE,2023-04-19 22:45:00,8604.0,8640.0,8640.0,8601.0,32567.0,2807444710.0,245257.0,2.0
OI2309.ZCE,2023-04-19 22:30:00,8580.0,8604.0,8608.0,8580.0,22320.0,1918265620.0,244140.0,-36.0
OI2309.ZCE,2023-04-19 22:15:00,8563.0,8580.0,8590.0,8554.0,33700.0,2889030470.0,244679.0,-24.0
OI2309.ZCE,2023-04-19 22:00:00,8568.0,8563.0,8582.0,8560.0,22985.0,1970775190.0,244084.0,-17.0
OI2309.ZCE,2023-04-19 21:45:00,8570.0,8569.0,8586.0,8556.0,36297.0,3111211420.0,244244.0,6.0
OI2309.ZCE,2023-04-19 21:30:00,8610.0,8570.0,8618.0,8561.0,56068.0,4814449620.0,243750.0,1.0
OI2309.ZCE,2023-04-19 21:15:00,8628.0,8609.0,8634.0,8605.0,58904.0,5077457840.0,242470.0,39.0
OI2309.ZCE,2023-04-19 21:00:00,8642.0,8634.0,8642.0,8634.0,940.0,81223280.0,242430.0,25.0
OI2309.ZCE,2023-04-19 15:00:00,8657.0,8648.0,8664.0,8641.0,25469.0,2203222050.0,242240.0,14.0
OI2309.ZCE,2023-04-19 14:45:00,8659.0,8656.0,8680.0,8651.0,26873.0,2328185150.0,245160.0,8.0
OI2309.ZCE,2023-04-19 14:30:00,8684.0,8660.0,8691.0,8655.0,34568.0,2997184500.0,247685.0,4.0
OI2309.ZCE,2023-04-19 14:15:00,8702.0,8684.0,8707.0,8682.0,22400.0,1947410120.0,248052.0,24.0
OI2309.ZCE,2023-04-19 14:00:00,8722.0,8702.0,8728.0,8693.0,23696.0,2063267680.0,249002.0,18.0
OI2309.ZCE,2023-04-19 13:45:00,8717.0,8721.0,8734.0,8715.0,13340.0,1163810900.0,250794.0,19.0
OI2309.ZCE,2023-04-19 11:30:00,8716.0,8717.0,8736.0,8713.0,19964.0,1742089820.0,250391.0,-4.0
OI2309.ZCE,2023-04-19 11:15:00,8716.0,8716.0,8720.0,8695.0,22091.0,1924374470.0,250567.0,-1.0
OI2309.ZCE,2023-04-19 11:00:00,8737.0,8715.0,8741.0,8704.0,23793.0,2074818900.0,250963.0,-1.0
OI2309.ZCE,2023-04-19 10:45:00,8740.0,8736.0,8747.0,8715.0,31469.0,2747941120.0,250601.0,21.0
OI2309.ZCE,2023-04-19 10:15:00,8747.0,8742.0,8750.0,8719.0,32016.0,2797109390.0,249553.0,6.0
OI2309.ZCE,2023-04-19 10:00:00,8755.0,8746.0,8766.0,8746.0,13834.0,1211477850.0,250840.0,4.0
OI2309.ZCE,2023-04-19 09:45:00,8778.0,8755.0,8784.0,8744.0,26537.0,2324081300.0,250453.0,9.0
OI2309.ZCE,2023-04-19 09:30:00,8784.0,8777.0,8785.0,8764.0,26943.0,2364425040.0,251121.0,22.0
OI2309.ZCE,2023-04-19 09:15:00,8730.0,8783.0,8784.0,8719.0,50577.0,4429556130.0,248190.0,6.0
OI2309.ZCE,2023-04-18 23:00:00,8747.0,8730.0,8747.0,8730.0,15093.0,1318570810.0,242787.0,-53.0
OI2309.ZCE,2023-04-18 22:45:00,8746.0,8747.0,8750.0,8737.0,17742.0,1551179170.0,245191.0,17.0
OI2309.ZCE,2023-04-18 22:30:00,8740.0,8745.0,8756.0,8738.0,25465.0,2227565190.0,245474.0,-2.0
OI2309.ZCE,2023-04-18 22:15:00,8734.0,8741.0,8743.0,8720.0,19193.0,1675677980.0,244961.0,-4.0
OI2309.ZCE,2023-04-18 22:00:00,8725.0,8735.0,8745.0,8725.0,22135.0,1933498230.0,245512.0,-6.0
OI2309.ZCE,2023-04-18 21:45:00,8735.0,8726.0,8739.0,8715.0,27324.0,2384595230.0,244066.0,-9.0
OI2309.ZCE,2023-04-18 21:30:00,8721.0,8734.0,8744.0,8716.0,56993.0,4975703220.0,242406.0,8.0
OI2309.ZCE,2023-04-18 21:15:00,8678.0,8721.0,8721.0,8663.0,77243.0,6713030790.0,240485.0,-13.0
OI2309.ZCE,2023-04-18 21:00:00,8686.0,8678.0,8686.0,8678.0,2310.0,200614960.0,231974.0,-43.0
OI2309.ZCE,2023-04-18 15:00:00,8668.0,8665.0,8671.0,8649.0,17744.0,1536501570.0,230741.0,-13.0
OI2309.ZCE,2023-04-18 14:45:00,8661.0,8668.0,8677.0,8652.0,15863.0,1374236620.0,233062.0,3.0
OI2309.ZCE,2023-04-18 14:30:00,8669.0,8660.0,8671.0,8658.0,11149.0,966026280.0,233254.0,-8.0
OI2309.ZCE,2023-04-18 14:15:00,8655.0,8669.0,8671.0,8652.0,14441.0,1250748700.0,232922.0,9.0
OI2309.ZCE,2023-04-18 14:00:00,8666.0,8656.0,8674.0,8644.0,25797.0,2233378300.0,230842.0,-13.0
OI2309.ZCE,2023-04-18 13:45:00,8638.0,8667.0,8667.0,8633.0,23554.0,2037389440.0,231093.0,11.0
OI2309.ZCE,2023-04-18 11:30:00,8631.0,8639.0,8647.0,8624.0,19718.0,1702827550.0,227754.0,-28.0
OI2309.ZCE,2023-04-18 11:15:00,8607.0,8630.0,8636.0,8605.0,24450.0,2108669010.0,227512.0,-9.0
OI2309.ZCE,2023-04-18 11:00:00,8596.0,8607.0,8620.0,8593.0,24074.0,2072263010.0,226142.0,-23.0
OI2309.ZCE,2023-04-18 10:45:00,8573.0,8596.0,8597.0,8565.0,19908.0,1708246350.0,224488.0,-11.0
OI2309.ZCE,2023-04-18 10:15:00,8587.0,8573.0,8595.0,8571.0,14435.0,1238824420.0,223509.0,-23.0
OI2309.ZCE,2023-04-18 10:00:00,8590.0,8586.0,8609.0,8582.0,20121.0,1729628050.0,223409.0,13.0
OI2309.ZCE,2023-04-18 09:45:00,8579.0,8589.0,8598.0,8572.0,15302.0,1313652770.0,222842.0,3.0
OI2309.ZCE,2023-04-18 09:30:00,8606.0,8579.0,8608.0,8558.0,40979.0,3516350540.0,221903.0,-10.0
OI2309.ZCE,2023-04-18 09:15:00,8530.0,8608.0,8624.0,8528.0,73319.0,6292511000.0,224395.0,29.0
OI2309.ZCE,2023-04-17 23:00:00,8505.0,8520.0,8523.0,8501.0,14142.0,1203718370.0,220540.0,-88.0
OI2309.ZCE,2023-04-17 22:45:00,8527.0,8505.0,8538.0,8505.0,16533.0,1408701180.0,222547.0,-15.0
OI2309.ZCE,2023-04-17 22:30:00,8535.0,8527.0,8539.0,8519.0,15780.0,1345661060.0,222709.0,22.0
OI2309.ZCE,2023-04-17 22:15:00,8535.0,8535.0,8545.0,8532.0,10765.0,919066700.0,222400.0,8.0
OI2309.ZCE,2023-04-17 22:00:00,8543.0,8534.0,8552.0,8531.0,12992.0,1109815610.0,222255.0,-1.0
OI2309.ZCE,2023-04-17 21:45:00,8532.0,8543.0,8545.0,8525.0,15073.0,1286535490.0,222513.0,9.0
OI2309.ZCE,2023-04-17 21:30:00,8554.0,8532.0,8555.0,8527.0,19800.0,1690461130.0,222731.0,-11.0
OI2309.ZCE,2023-04-17 21:15:00,8525.0,8553.0,8562.0,8519.0,49889.0,4260650470.0,222033.0,21.0
OI2309.ZCE,2023-04-17 21:00:00,8513.0,8515.0,8515.0,8513.0,928.0,79006380.0,216688.0,-38.0
OI2309.ZCE,2023-04-17 15:00:00,8506.0,8505.0,8528.0,8495.0,23940.0,2037306410.0,216150.0,-10.0
OI2309.ZCE,2023-04-17 14:45:00,8484.0,8507.0,8508.0,8481.0,14002.0,1189362530.0,216895.0,2.0
OI2309.ZCE,2023-04-17 14:30:00,8475.0,8485.0,8488.0,8470.0,8198.0,695165320.0,217973.0,-22.0
OI2309.ZCE,2023-04-17 14:15:00,8469.0,8475.0,8477.0,8464.0,6961.0,589672250.0,218266.0,-10.0
OI2309.ZCE,2023-04-17 14:00:00,8470.0,8469.0,8478.0,8460.0,9224.0,781123690.0,218446.0,-6.0
OI2309.ZCE,2023-04-17 13:45:00,8475.0,8470.0,8488.0,8462.0,12936.0,1096092440.0,217837.0,1.0
OI2309.ZCE,2023-04-17 11:30:00,8481.0,8474.0,8481.0,8465.0,12074.0,1022971610.0,216006.0,4.0
OI2309.ZCE,2023-04-17 11:15:00,8503.0,8481.0,8507.0,8476.0,11876.0,1008399050.0,214923.0,7.0
OI2309.ZCE,2023-04-17 11:00:00,8472.0,8503.0,8508.0,8471.0,15975.0,1356985170.0,214144.0,22.0
OI2309.ZCE,2023-04-17 10:45:00,8474.0,8471.0,8489.0,8467.0,12794.0,1084636290.0,214337.0,-32.0
OI2309.ZCE,2023-04-17 10:15:00,8491.0,8472.0,8491.0,8451.0,23518.0,1991514410.0,213628.0,1.0
OI2309.ZCE,2023-04-17 10:00:00,8517.0,8491.0,8517.0,8484.0,11299.0,960298490.0,212194.0,19.0
OI2309.ZCE,2023-04-17 09:45:00,8507.0,8517.0,8519.0,8494.0,12280.0,1044989470.0,211934.0,26.0
OI2309.ZCE,2023-04-17 09:30:00,8497.0,8507.0,8510.0,8474.0,20942.0,1778721310.0,211684.0,-10.0
OI2309.ZCE,2023-04-17 09:15:00,8488.0,8496.0,8551.0,8483.0,43967.0,3745492200.0,210935.0,-11.0
OI2309.ZCE,2023-04-14 23:00:00,8463.0,8464.0,8471.0,8444.0,19573.0,1655029880.0,212560.0,-32.0
OI2309.ZCE,2023-04-14 22:45:00,8425.0,8463.0,8469.0,8421.0,30960.0,2616843430.0,213903.0,-1.0
OI2309.ZCE,2023-04-14 22:30:00,8445.0,8426.0,8450.0,8416.0,16292.0,1374136790.0,214000.0,-37.0
OI2309.ZCE,2023-04-14 22:15:00,8461.0,8444.0,8466.0,8443.0,11355.0,960021680.0,212442.0,18.0
OI2309.ZCE,2023-04-14 22:00:00,8475.0,8462.0,8475.0,8451.0,10885.0,921313760.0,211445.0,18.0
OI2309.ZCE,2023-04-14 21:45:00,8489.0,8475.0,8496.0,8455.0,13962.0,1183487590.0,210672.0,13.0
OI2309.ZCE,2023-04-14 21:30:00,8496.0,8488.0,8497.0,8481.0,8393.0,712621350.0,209959.0,13.0
OI2309.ZCE,2023-04-14 21:15:00,8483.0,8496.0,8511.0,8471.0,28866.0,2450571220.0,209383.0,8.0
OI2309.ZCE,2023-04-14 21:00:00,8486.0,8483.0,8486.0,8482.0,692.0,58713660.0,204811.0,-13.0
OI2309.ZCE,2023-04-14 15:00:00,8457.0,8481.0,8485.0,8442.0,20030.0,1694910040.0,204473.0,-2.0
OI2309.ZCE,2023-04-14 14:45:00,8479.0,8457.0,8483.0,8446.0,19604.0,1658335790.0,205206.0,-24.0
OI2309.ZCE,2023-04-14 14:30:00,8490.0,8480.0,8496.0,8477.0,8079.0,685512770.0,205278.0,23.0
OI2309.ZCE,2023-04-14 14:15:00,8487.0,8490.0,8498.0,8483.0,7490.0,635884850.0,205529.0,10.0
OI2309.ZCE,2023-04-14 14:00:00,8484.0,8488.0,8497.0,8483.0,7060.0,599453870.0,205019.0,-2.0
OI2309.ZCE,2023-04-14 13:45:00,8486.0,8484.0,8499.0,8476.0,9241.0,784377250.0,204285.0,-4.0
OI2309.ZCE,2023-04-14 11:30:00,8492.0,8488.0,8506.0,8481.0,12344.0,1048515400.0,203384.0,4.0
OI2309.ZCE,2023-04-14 11:15:00,8487.0,8492.0,8498.0,8474.0,11878.0,1008133540.0,203095.0,4.0
OI2309.ZCE,2023-04-14 11:00:00,8485.0,8486.0,8501.0,8468.0,24025.0,2038246860.0,202737.0,-6.0
OI2309.ZCE,2023-04-14 10:45:00,8553.0,8484.0,8555.0,8483.0,28193.0,2401474460.0,201318.0,-2.0
OI2309.ZCE,2023-04-14 10:15:00,8570.0,8554.0,8588.0,8548.0,19182.0,1643629440.0,200844.0,70.0
OI2309.ZCE,2023-04-14 10:00:00,8553.0,8571.0,8572.0,8539.0,14451.0,1236529750.0,202311.0,17.0
OI2309.ZCE,2023-04-14 09:45:00,8508.0,8553.0,8556.0,8508.0,27078.0,2312940810.0,202533.0,-18.0
OI2309.ZCE,2023-04-14 09:30:00,8484.0,8508.0,8511.0,8481.0,10623.0,902615220.0,203120.0,-45.0
OI2309.ZCE,2023-04-14 09:15:00,8508.0,8483.0,8517.0,8476.0,24236.0,2059356920.0,202581.0,-25.0
OI2309.ZCE,2023-04-13 23:00:00,8515.0,8519.0,8520.0,8507.0,7938.0,675804720.0,202609.0,36.0
OI2309.ZCE,2023-04-13 22:45:00,8509.0,8515.0,8527.0,8503.0,8939.0,761248460.0,203936.0,-4.0
OI2309.ZCE,2023-04-13 22:30:00,8536.0,8509.0,8536.0,8503.0,14492.0,1234764340.0,204205.0,-6.0
OI2309.ZCE,2023-04-13 22:15:00,8500.0,8536.0,8537.0,8498.0,17278.0,1472062280.0,204834.0,27.0
OI2309.ZCE,2023-04-13 22:00:00,8493.0,8500.0,8509.0,8490.0,13423.0,1141260150.0,204072.0,-36.0
OI2309.ZCE,2023-04-13 21:45:00,8506.0,8492.0,8515.0,8488.0,15360.0,1305816680.0,203734.0,-8.0
OI2309.ZCE,2023-04-13 21:30:00,8503.0,8505.0,8517.0,8484.0,25905.0,2201753520.0,204501.0,13.0
OI2309.ZCE,2023-04-13 21:15:00,8441.0,8502.0,8502.0,8438.0,29651.0,2510841180.0,205042.0,-3.0
OI2309.ZCE,2023-04-13 21:00:00,8434.0,8438.0,8438.0,8434.0,891.0,75151700.0,203702.0,-64.0
OI2309.ZCE,2023-04-13 15:00:00,8441.0,8455.0,8455.0,8441.0,8044.0,679607790.0,203039.0,17.0
OI2309.ZCE,2023-04-13 14:45:00,8431.0,8441.0,8445.0,8431.0,5805.0,489839270.0,204231.0,-14.0
OI2309.ZCE,2023-04-13 14:30:00,8451.0,8431.0,8451.0,8429.0,6067.0,512055600.0,203692.0,-10.0
OI2309.ZCE,2023-04-13 14:15:00,8441.0,8450.0,8456.0,8437.0,10078.0,851372800.0,203679.0,19.0
OI2309.ZCE,2023-04-13 14:00:00,8427.0,8441.0,8444.0,8423.0,9628.0,811901430.0,203117.0,-9.0
OI2309.ZCE,2023-04-13 13:45:00,8449.0,8426.0,8449.0,8424.0,15117.0,1275443170.0,203149.0,-15.0
OI2309.ZCE,2023-04-13 11:30:00,8474.0,8449.0,8476.0,8448.0,11093.0,938437400.0,201753.0,23.0
OI2309.ZCE,2023-04-13 11:15:00,8458.0,8475.0,8483.0,8442.0,24641.0,2085695680.0,202018.0,26.0
OI2309.ZCE,2023-04-13 11:00:00,8449.0,8458.0,8465.0,8424.0,21477.0,1813661180.0,202447.0,-17.0
OI2309.ZCE,2023-04-13 10:45:00,8398.0,8450.0,8451.0,8395.0,26207.0,2207627000.0,201953.0,-8.0
OI2309.ZCE,2023-04-13 10:15:00,8375.0,8399.0,8411.0,8371.0,13597.0,1141072350.0,202218.0,-51.0
OI2309.ZCE,2023-04-13 10:00:00,8386.0,8378.0,8394.0,8376.0,8021.0,672497090.0,201884.0,-21.0
OI2309.ZCE,2023-04-13 09:45:00,8378.0,8386.0,8395.0,8375.0,9686.0,812260600.0,201127.0,8.0
OI2309.ZCE,2023-04-13 09:30:00,8367.0,8379.0,8387.0,8360.0,11105.0,929979410.0,200865.0,-7.0
OI2309.ZCE,2023-04-13 09:15:00,8380.0,8367.0,8391.0,8352.0,24278.0,2032514940.0,200414.0,-12.0
OI2309.ZCE,2023-04-12 23:00:00,8386.0,8370.0,8396.0,8370.0,12093.0,1013936970.0,198583.0,3.0
OI2309.ZCE,2023-04-12 22:45:00,8415.0,8386.0,8415.0,8374.0,23388.0,1962281100.0,199601.0,16.0
OI2309.ZCE,2023-04-12 22:30:00,8432.0,8415.0,8435.0,8405.0,16836.0,1417602680.0,197266.0,29.0
OI2309.ZCE,2023-04-12 22:15:00,8435.0,8431.0,8457.0,8419.0,16960.0,1431512040.0,195552.0,16.0
OI2309.ZCE,2023-04-12 22:00:00,8452.0,8435.0,8460.0,8426.0,18177.0,1534164510.0,196621.0,4.0
OI2309.ZCE,2023-04-12 21:45:00,8507.0,8451.0,8511.0,8433.0,30076.0,2544026990.0,194829.0,16.0
OI2309.ZCE,2023-04-12 21:30:00,8501.0,8507.0,8512.0,8492.0,10472.0,890132280.0,193197.0,56.0
OI2309.ZCE,2023-04-12 21:15:00,8520.0,8501.0,8534.0,8493.0,23633.0,2011671490.0,191938.0,-6.0
OI2309.ZCE,2023-04-12 21:00:00,8523.0,8521.0,8523.0,8521.0,761.0,64856230.0,188508.0,20.0
OI2309.ZCE,2023-04-12 15:00:00,8502.0,8508.0,8523.0,8498.0,8619.0,733538600.0,187996.0,-13.0
OI2309.ZCE,2023-04-12 14:45:00,8515.0,8502.0,8515.0,8491.0,11474.0,975632090.0,189237.0,-6.0
OI2309.ZCE,2023-04-12 14:30:00,8539.0,8516.0,8540.0,8511.0,9672.0,824743580.0,188217.0,14.0
OI2309.ZCE,2023-04-12 14:15:00,8537.0,8538.0,8540.0,8506.0,13909.0,1185646620.0,187901.0,22.0
OI2309.ZCE,2023-04-12 14:00:00,8488.0,8537.0,8542.0,8486.0,23286.0,1984809220.0,186834.0,-1.0
OI2309.ZCE,2023-04-12 13:45:00,8482.0,8488.0,8502.0,8481.0,14052.0,1193225000.0,187135.0,-49.0
OI2309.ZCE,2023-04-12 11:30:00,8485.0,8482.0,8494.0,8459.0,26689.0,2262509530.0,185409.0,-6.0
OI2309.ZCE,2023-04-12 11:15:00,8560.0,8486.0,8560.0,8481.0,40340.0,3433366410.0,181537.0,4.0
OI2309.ZCE,2023-04-12 11:00:00,8603.0,8562.0,8608.0,8555.0,16799.0,1440912340.0,174074.0,76.0
OI2309.ZCE,2023-04-12 10:45:00,8631.0,8602.0,8637.0,8589.0,13345.0,1148941970.0,171957.0,40.0
OI2309.ZCE,2023-04-12 10:15:00,8620.0,8631.0,8640.0,8620.0,6171.0,532552230.0,171398.0,29.0
OI2309.ZCE,2023-04-12 10:00:00,8628.0,8620.0,8640.0,8615.0,6528.0,563038920.0,171158.0,-11.0
OI2309.ZCE,2023-04-12 09:45:00,8649.0,8627.0,8654.0,8621.0,7878.0,680326830.0,170412.0,7.0
OI2309.ZCE,2023-04-12 09:30:00,8618.0,8649.0,8654.0,8606.0,14413.0,1242886660.0,170364.0,22.0
OI2309.ZCE,2023-04-12 09:15:00,8646.0,8618.0,8660.0,8618.0,15072.0,1301892960.0,169678.0,-31.0
OI2309.ZCE,2023-04-11 23:00:00,8658.0,8645.0,8660.0,8641.0,4560.0,394397150.0,168689.0,27.0
OI2309.ZCE,2023-04-11 22:45:00,8658.0,8657.0,8665.0,8645.0,5292.0,458034760.0,170086.0,12.0
OI2309.ZCE,2023-04-11 22:30:00,8660.0,8658.0,8663.0,8645.0,6139.0,531326490.0,170300.0,1.0
OI2309.ZCE,2023-04-11 22:15:00,8641.0,8660.0,8678.0,8637.0,16713.0,1447263660.0,170461.0,2.0
OI2309.ZCE,2023-04-11 22:00:00,8636.0,8641.0,8652.0,8631.0,13288.0,1148088390.0,170138.0,-19.0
OI2309.ZCE,2023-04-11 21:45:00,8594.0,8636.0,8640.0,8590.0,17529.0,1511150300.0,170271.0,-5.0
OI2309.ZCE,2023-04-11 21:30:00,8590.0,8593.0,8604.0,8580.0,13112.0,1126566180.0,169241.0,-43.0
OI2309.ZCE,2023-04-11 21:15:00,8605.0,8589.0,8614.0,8548.0,32844.0,2816791270.0,168518.0,-4.0
OI2309.ZCE,2023-04-11 21:00:00,8604.0,8603.0,8604.0,8603.0,636.0,54718840.0,166422.0,14.0
OI2309.ZCE,2023-04-11 15:00:00,8641.0,8624.0,8644.0,8621.0,7528.0,649490090.0,166184.0,21.0
OI2309.ZCE,2023-04-11 14:45:00,8634.0,8642.0,8646.0,8628.0,5623.0,485726800.0,167238.0,18.0
OI2309.ZCE,2023-04-11 14:30:00,8640.0,8634.0,8645.0,8625.0,6410.0,553405760.0,167293.0,-8.0
OI2309.ZCE,2023-04-11 14:15:00,8625.0,8640.0,8641.0,8602.0,18580.0,1601845120.0,167176.0,6.0
OI2309.ZCE,2023-04-11 14:00:00,8635.0,8626.0,8639.0,8623.0,11171.0,964098910.0,168224.0,-14.0
OI2309.ZCE,2023-04-11 13:45:00,8665.0,8634.0,8667.0,8633.0,14767.0,1277062620.0,168446.0,8.0
OI2309.ZCE,2023-04-11 11:30:00,8656.0,8665.0,8670.0,8650.0,8892.0,770230280.0,167756.0,31.0
OI2309.ZCE,2023-04-11 11:15:00,8641.0,8656.0,8664.0,8620.0,10771.0,931061730.0,166928.0,-9.0
OI2309.ZCE,2023-04-11 11:00:00,8631.0,8641.0,8642.0,8625.0,7131.0,615543160.0,166079.0,-15.0
OI2309.ZCE,2023-04-11 10:45:00,8665.0,8631.0,8673.0,8628.0,15802.0,1367001690.0,165913.0,-10.0
OI2309.ZCE,2023-04-11 10:15:00,8584.0,8662.0,8665.0,8582.0,16261.0,1402987240.0,165231.0,31.0
OI2309.ZCE,2023-04-11 10:00:00,8593.0,8584.0,8599.0,8579.0,5792.0,497438970.0,163884.0,-78.0
OI2309.ZCE,2023-04-11 09:45:00,8597.0,8593.0,8598.0,8579.0,8609.0,739337130.0,163186.0,9.0
OI2309.ZCE,2023-04-11 09:30:00,8610.0,8597.0,8615.0,8593.0,7227.0,621658640.0,162287.0,4.0
OI2309.ZCE,2023-04-11 09:15:00,8591.0,8610.0,8616.0,8572.0,12907.0,1110272050.0,161499.0,13.0
OI2309.ZCE,2023-04-10 23:00:00,8589.0,8588.0,8593.0,8580.0,3742.0,321308240.0,160836.0,-22.0
OI2309.ZCE,2023-04-10 22:45:00,8581.0,8589.0,8605.0,8581.0,6987.0,600350830.0,161380.0,1.0
OI2309.ZCE,2023-04-10 22:30:00,8588.0,8581.0,8593.0,8572.0,6489.0,556754160.0,161278.0,-8.0
OI2309.ZCE,2023-04-10 22:15:00,8588.0,8588.0,8595.0,8581.0,7994.0,686461250.0,160748.0,7.0
OI2309.ZCE,2023-04-10 22:00:00,8619.0,8589.0,8621.0,8589.0,9101.0,782568290.0,160713.0,1.0
OI2309.ZCE,2023-04-10 21:45:00,8626.0,8618.0,8629.0,8606.0,9364.0,806738790.0,161256.0,29.0
OI2309.ZCE,2023-04-10 21:30:00,8630.0,8625.0,8646.0,8612.0,11458.0,988305690.0,160579.0,7.0
OI2309.ZCE,2023-04-10 21:15:00,8539.0,8630.0,8638.0,8539.0,28299.0,2435359880.0,159997.0,5.0
OI2309.ZCE,2023-04-10 21:00:00,8534.0,8546.0,8546.0,8534.0,248.0,21172680.0,155136.0,-84.0
OI2309.ZCE,2023-04-10 15:00:00,8544.0,8548.0,8555.0,8533.0,5105.0,436154480.0,155043.0,2.0
OI2309.ZCE,2023-04-10 14:45:00,8539.0,8544.0,8547.0,8534.0,4569.0,390179480.0,155334.0,-4.0
OI2309.ZCE,2023-04-10 14:30:00,8558.0,8539.0,8558.0,8537.0,4580.0,391332190.0,155329.0,-5.0
OI2309.ZCE,2023-04-10 14:15:00,8555.0,8559.0,8561.0,8544.0,4094.0,350163140.0,154594.0,20.0
OI2309.ZCE,2023-04-10 14:00:00,8543.0,8556.0,8556.0,8540.0,3748.0,320403940.0,154316.0,-3.0
OI2309.ZCE,2023-04-10 13:45:00,8543.0,8542.0,8572.0,8535.0,14366.0,1228617450.0,154243.0,-14.0
OI2309.ZCE,2023-04-10 11:30:00,8541.0,8536.0,8549.0,8532.0,4726.0,403671690.0,153105.0,-6.0
OI2309.ZCE,2023-04-10 11:15:00,8541.0,8540.0,8545.0,8529.0,7102.0,606283580.0,152769.0,4.0
OI2309.ZCE,2023-04-10 11:00:00,8538.0,8541.0,8549.0,8534.0,6160.0,526204130.0,152403.0,1.0
OI2309.ZCE,2023-04-10 10:45:00,8571.0,8538.0,8571.0,8528.0,12706.0,1085735070.0,152395.0,-3.0
OI2309.ZCE,2023-04-10 10:15:00,8561.0,8570.0,8582.0,8559.0,5727.0,490707760.0,151321.0,32.0
OI2309.ZCE,2023-04-10 10:00:00,8568.0,8561.0,8581.0,8550.0,9902.0,848250690.0,151302.0,-9.0
OI2309.ZCE,2023-04-10 09:45:00,8590.0,8568.0,8593.0,8554.0,14857.0,1272974290.0,150363.0,7.0
OI2309.ZCE,2023-04-10 09:30:00,8607.0,8590.0,8625.0,8577.0,13596.0,1169550490.0,150551.0,22.0
OI2309.ZCE,2023-04-10 09:15:00,8647.0,8607.0,8649.0,8560.0,26742.0,2298851200.0,149879.0,17.0
OI2309.ZCE,2023-04-07 23:00:00,8645.0,8647.0,8656.0,8642.0,4888.0,422731940.0,149922.0,40.0
OI2309.ZCE,2023-04-07 22:45:00,8658.0,8646.0,8669.0,8645.0,5006.0,433361450.0,150230.0,-1.0
OI2309.ZCE,2023-04-07 22:30:00,8652.0,8659.0,8670.0,8651.0,5284.0,457656690.0,150486.0,13.0
OI2309.ZCE,2023-04-07 22:15:00,8651.0,8651.0,8658.0,8637.0,5509.0,476403760.0,150502.0,-8.0
OI2309.ZCE,2023-04-07 22:00:00,8648.0,8650.0,8660.0,8643.0,4773.0,412912690.0,150411.0,-1.0
OI2309.ZCE,2023-04-07 21:45:00,8656.0,8648.0,8662.0,8644.0,4621.0,399835110.0,149781.0,-2.0
OI2309.ZCE,2023-04-07 21:30:00,8661.0,8656.0,8661.0,8636.0,6902.0,596828680.0,149444.0,8.0
OI2309.ZCE,2023-04-07 21:15:00,8660.0,8661.0,8681.0,8645.0,11482.0,994810480.0,149420.0,5.0
OI2309.ZCE,2023-04-07 21:00:00,8662.0,8668.0,8668.0,8662.0,205.0,17759620.0,147981.0,7.0
OI2309.ZCE,2023-04-07 15:00:00,8645.0,8643.0,8654.0,8637.0,5486.0,474283190.0,147931.0,-25.0
OI2309.ZCE,2023-04-07 14:45:00,8638.0,8644.0,8659.0,8632.0,4909.0,424404640.0,147813.0,1.0
OI2309.ZCE,2023-04-07 14:30:00,8650.0,8637.0,8658.0,8635.0,5224.0,451683390.0,148034.0,-7.0
OI2309.ZCE,2023-04-07 14:15:00,8623.0,8649.0,8650.0,8615.0,8453.0,730124830.0,147922.0,12.0
OI2309.ZCE,2023-04-07 14:00:00,8643.0,8623.0,8649.0,8620.0,7193.0,621115600.0,147475.0,-26.0
OI2309.ZCE,2023-04-07 13:45:00,8617.0,8643.0,8645.0,8617.0,10388.0,896841030.0,147844.0,20.0
OI2309.ZCE,2023-04-07 11:30:00,8606.0,8616.0,8629.0,8603.0,8115.0,698947050.0,147433.0,-27.0
OI2309.ZCE,2023-04-07 11:15:00,8593.0,8605.0,8607.0,8576.0,14093.0,1210865020.0,148195.0,-11.0
OI2309.ZCE,2023-04-07 11:00:00,8647.0,8594.0,8648.0,8593.0,11403.0,981961320.0,148110.0,-11.0
OI2309.ZCE,2023-04-07 10:45:00,8664.0,8647.0,8671.0,8640.0,6958.0,602100750.0,147816.0,53.0
OI2309.ZCE,2023-04-07 10:15:00,8674.0,8664.0,8679.0,8638.0,11007.0,952815220.0,146920.0,17.0
OI2309.ZCE,2023-04-07 10:00:00,8668.0,8674.0,8687.0,8650.0,12190.0,1056679110.0,147268.0,10.0
OI2309.ZCE,2023-04-07 09:45:00,8625.0,8669.0,8672.0,8609.0,15083.0,1302881790.0,146472.0,-5.0
OI2309.ZCE,2023-04-07 09:30:00,8578.0,8626.0,8627.0,8575.0,14639.0,1259201250.0,146714.0,-43.0
OI2309.ZCE,2023-04-07 09:15:00,8527.0,8576.0,8582.0,8520.0,12679.0,1085331820.0,145753.0,-50.0
OI2309.ZCE,2023-04-06 23:00:00,8528.0,8527.0,8532.0,8517.0,3224.0,274828230.0,145840.0,-49.0
OI2309.ZCE,2023-04-06 22:45:00,8513.0,8528.0,8530.0,8506.0,4366.0,371971140.0,146540.0,1.0
OI2309.ZCE,2023-04-06 22:30:00,8526.0,8513.0,8532.0,8503.0,4753.0,404739010.0,146352.0,-15.0
OI2309.ZCE,2023-04-06 22:15:00,8513.0,8526.0,8534.0,8507.0,6899.0,587722720.0,145614.0,13.0
OI2309.ZCE,2023-04-06 22:00:00,8511.0,8513.0,8524.0,8503.0,6262.0,533228610.0,145401.0,-13.0
OI2309.ZCE,2023-04-06 21:45:00,8544.0,8512.0,8545.0,8501.0,11098.0,945402750.0,144891.0,-1.0
OI2309.ZCE,2023-04-06 21:30:00,8545.0,8547.0,8554.0,8512.0,16222.0,1383721990.0,144083.0,35.0
OI2309.ZCE,2023-04-06 21:15:00,8575.0,8546.0,8589.0,8534.0,20408.0,1746744380.0,143638.0,-1.0
OI2309.ZCE,2023-04-06 21:00:00,8584.0,8576.0,8588.0,8568.0,284.0,24355160.0,141594.0,30.0
OI2309.ZCE,2023-04-06 15:00:00,8647.0,8619.0,8649.0,8615.0,6884.0,594232230.0,141510.0,43.0
OI2309.ZCE,2023-04-06 14:45:00,8657.0,8647.0,8658.0,8644.0,3893.0,336755910.0,142223.0,28.0
OI2309.ZCE,2023-04-06 14:30:00,8666.0,8656.0,8673.0,8645.0,5476.0,474061380.0,142335.0,9.0
OI2309.ZCE,2023-04-06 14:15:00,8673.0,8667.0,8676.0,8662.0,4347.0,376862700.0,142113.0,11.0
OI2309.ZCE,2023-04-06 14:00:00,8671.0,8674.0,8684.0,8660.0,5215.0,452267740.0,141908.0,7.0
OI2309.ZCE,2023-04-06 13:45:00,8680.0,8671.0,8690.0,8671.0,8727.0,757449200.0,141442.0,-3.0
OI2309.ZCE,2023-04-06 11:30:00,8665.0,8680.0,8686.0,8664.0,9349.0,811195440.0,140919.0,9.0
OI2309.ZCE,2023-04-06 11:15:00,8646.0,8665.0,8667.0,8635.0,5636.0,487808260.0,140380.0,-15.0
OI2309.ZCE,2023-04-06 11:00:00,8667.0,8646.0,8668.0,8628.0,8030.0,694106190.0,140103.0,-19.0
OI2309.ZCE,2023-04-06 10:45:00,8674.0,8667.0,8690.0,8642.0,11374.0,985534520.0,138699.0,21.0
OI2309.ZCE,2023-04-06 10:15:00,8660.0,8674.0,8678.0,8654.0,6221.0,539170620.0,138607.0,7.0
OI2309.ZCE,2023-04-06 10:00:00,8677.0,8659.0,8690.0,8652.0,14018.0,1215462180.0,137967.0,-15.0
OI2309.ZCE,2023-04-06 09:45:00,8622.0,8677.0,8678.0,8617.0,16507.0,1427836740.0,136710.0,18.0
OI2309.ZCE,2023-04-06 09:30:00,8575.0,8622.0,8624.0,8573.0,13754.0,1182918190.0,136208.0,-55.0
OI2309.ZCE,2023-04-06 09:15:00,8600.0,8576.0,8603.0,8535.0,26629.0,2281035130.0,135759.0,-46.0
OI2309.ZCE,2023-04-06 09:00:00,8620.0,8600.0,8620.0,8600.0,262.0,22553570.0,132640.0,24.0
OI2309.ZCE,2023-04-04 15:00:00,8687.0,8672.0,8687.0,8663.0,4595.0,398564120.0,132590.0,72.0
OI2309.ZCE,2023-04-04 14:45:00,8681.0,8687.0,8691.0,8678.0,4148.0,360246930.0,133220.0,15.0
OI2309.ZCE,2023-04-04 14:30:00,8659.0,8680.0,8682.0,8657.0,3541.0,307092960.0,133193.0,-7.0
OI2309.ZCE,2023-04-04 14:15:00,8671.0,8659.0,8671.0,8654.0,6403.0,554586920.0,133570.0,-21.0
OI2309.ZCE,2023-04-04 14:00:00,8689.0,8671.0,8690.0,8670.0,5166.0,448222870.0,133183.0,12.0
OI2309.ZCE,2023-04-04 13:45:00,8685.0,8689.0,8695.0,8683.0,5772.0,501473330.0,132697.0,18.0
OI2309.ZCE,2023-04-04 11:30:00,8678.0,8685.0,8687.0,8676.0,1992.0,172941350.0,132812.0,-4.0
OI2309.ZCE,2023-04-04 11:15:00,8688.0,8679.0,8692.0,8674.0,3768.0,327200580.0,132922.0,-6.0
OI2309.ZCE,2023-04-04 11:00:00,8679.0,8687.0,8695.0,8672.0,5015.0,435598040.0,132383.0,8.0
OI2309.ZCE,2023-04-04 10:45:00,8694.0,8679.0,8697.0,8668.0,6299.0,546528770.0,132063.0,-8.0
OI2309.ZCE,2023-04-04 10:15:00,8698.0,8693.0,8700.0,8678.0,4615.0,400859890.0,132871.0,14.0
OI2309.ZCE,2023-04-04 10:00:00,8685.0,8698.0,8700.0,8675.0,6899.0,599486530.0,132947.0,5.0
OI2309.ZCE,2023-04-04 09:45:00,8669.0,8685.0,8696.0,8666.0,7411.0,643269100.0,133431.0,-13.0
OI2309.ZCE,2023-04-04 09:30:00,8646.0,8670.0,8675.0,8643.0,4882.0,422903220.0,133181.0,-15.0
OI2309.ZCE,2023-04-04 09:15:00,8672.0,8647.0,8678.0,8631.0,7896.0,682710030.0,133592.0,-23.0
OI2309.ZCE,2023-04-03 23:00:00,8674.0,8671.0,8678.0,8654.0,4077.0,353134510.0,132734.0,24.0
OI2309.ZCE,2023-04-03 22:45:00,8676.0,8674.0,8682.0,8667.0,3908.0,339040590.0,133075.0,3.0
OI2309.ZCE,2023-04-03 22:30:00,8672.0,8676.0,8681.0,8661.0,4910.0,425733030.0,133412.0,2.0
OI2309.ZCE,2023-04-03 22:15:00,8646.0,8672.0,8696.0,8646.0,13185.0,1143619890.0,132965.0,-4.0
OI2309.ZCE,2023-04-03 22:00:00,8638.0,8646.0,8651.0,8630.0,6292.0,543772010.0,132929.0,-26.0
OI2309.ZCE,2023-04-03 21:45:00,8623.0,8638.0,8639.0,8615.0,7666.0,661186260.0,132652.0,-8.0
OI2309.ZCE,2023-04-03 21:30:00,8650.0,8624.0,8652.0,8620.0,6277.0,542197950.0,132642.0,-14.0
OI2309.ZCE,2023-04-03 21:15:00,8642.0,8650.0,8671.0,8630.0,11231.0,971947320.0,131998.0,26.0
OI2309.ZCE,2023-04-03 21:00:00,8619.0,8632.0,8632.0,8619.0,499.0,43013800.0,131057.0,-18.0
OI2309.ZCE,2023-04-03 15:00:00,8623.0,8628.0,8645.0,8621.0,5168.0,446125580.0,131028.0,-4.0
OI2309.ZCE,2023-04-03 14:45:00,8633.0,8624.0,8641.0,8618.0,3852.0,332418390.0,130921.0,-4.0
OI2309.ZCE,2023-04-03 14:30:00,8624.0,8634.0,8649.0,8622.0,6526.0,563634310.0,130999.0,10.0
OI2309.ZCE,2023-04-03 14:15:00,8602.0,8624.0,8628.0,8602.0,4591.0,395609710.0,130851.0,-10.0
OI2309.ZCE,2023-04-03 14:00:00,8633.0,8602.0,8637.0,8597.0,8740.0,753041110.0,130923.0,-22.0
OI2309.ZCE,2023-04-03 13:45:00,8661.0,8633.0,8661.0,8633.0,5731.0,495542620.0,130510.0,31.0
OI2309.ZCE,2023-04-03 11:30:00,8660.0,8662.0,8681.0,8655.0,4784.0,414610130.0,130309.0,29.0
OI2309.ZCE,2023-04-03 11:15:00,8675.0,8660.0,8679.0,8654.0,5099.0,441824040.0,130331.0,-2.0
OI2309.ZCE,2023-04-03 11:00:00,8676.0,8676.0,8679.0,8651.0,5166.0,447622550.0,129888.0,16.0
OI2309.ZCE,2023-04-03 10:45:00,8692.0,8676.0,8692.0,8659.0,8797.0,763005750.0,129286.0,0.0
OI2309.ZCE,2023-04-03 10:15:00,8702.0,8692.0,8712.0,8688.0,5165.0,449431550.0,127997.0,16.0
OI2309.ZCE,2023-04-03 10:00:00,8690.0,8701.0,8705.0,8677.0,7465.0,648557870.0,127470.0,9.0
OI2309.ZCE,2023-04-03 09:45:00,8707.0,8690.0,8725.0,8686.0,8818.0,768058310.0,126524.0,-11.0
OI2309.ZCE,2023-04-03 09:30:00,8704.0,8706.0,8723.0,8695.0,13929.0,1213079490.0,126940.0,16.0
OI2309.ZCE,2023-04-03 09:15:00,8650.0,8703.0,8764.0,8650.0,26026.0,2269365220.0,126053.0,-3.0
OI2309.ZCE,2023-03-31 23:00:00,8626.0,8629.0,8630.0,8615.0,3476.0,299719500.0,126443.0,-74.0
OI2309.ZCE,2023-03-31 22:45:00,8630.0,8626.0,8637.0,8626.0,4066.0,350956070.0,126990.0,-3.0
OI2309.ZCE,2023-03-31 22:30:00,8629.0,8629.0,8637.0,8619.0,4544.0,392167710.0,127155.0,3.0
OI2309.ZCE,2023-03-31 22:15:00,8633.0,8629.0,8642.0,8615.0,6817.0,588172000.0,126908.0,0.0
OI2309.ZCE,2023-03-31 22:00:00,8620.0,8633.0,8647.0,8619.0,9874.0,852620090.0,126728.0,4.0
OI2309.ZCE,2023-03-31 21:45:00,8584.0,8618.0,8630.0,8577.0,11333.0,975174620.0,126485.0,-15.0
OI2309.ZCE,2023-03-31 21:30:00,8573.0,8583.0,8589.0,8559.0,4555.0,390580910.0,126387.0,-35.0
OI2309.ZCE,2023-03-31 21:15:00,8577.0,8575.0,8591.0,8560.0,9203.0,789301410.0,126385.0,-8.0
OI2309.ZCE,2023-03-31 21:00:00,8573.0,8577.0,8577.0,8571.0,136.0,11661060.0,126124.0,2.0
OI2309.ZCE,2023-03-31 15:00:00,8540.0,8555.0,8562.0,8539.0,5734.0,490255370.0,126093.0,-22.0
OI2309.ZCE,2023-03-31 14:45:00,8522.0,8541.0,8544.0,8521.0,4701.0,401113210.0,126614.0,-14.0
OI2309.ZCE,2023-03-31 14:30:00,8547.0,8522.0,8554.0,8517.0,9146.0,780097700.0,126782.0,-19.0
OI2309.ZCE,2023-03-31 14:15:00,8578.0,8548.0,8581.0,8542.0,6858.0,587003750.0,126543.0,26.0
OI2309.ZCE,2023-03-31 14:00:00,8579.0,8578.0,8583.0,8568.0,6201.0,531703960.0,126808.0,30.0
OI2309.ZCE,2023-03-31 13:45:00,8573.0,8579.0,8587.0,8565.0,5972.0,512367910.0,126886.0,1.0
OI2309.ZCE,2023-03-31 11:30:00,8586.0,8575.0,8591.0,8568.0,5890.0,505299590.0,126790.0,-4.0
OI2309.ZCE,2023-03-31 11:15:00,8583.0,8586.0,8594.0,8571.0,7535.0,646766240.0,127285.0,11.0
OI2309.ZCE,2023-03-31 11:00:00,8561.0,8583.0,8589.0,8556.0,6919.0,593277970.0,127689.0,-3.0
OI2309.ZCE,2023-03-31 10:45:00,8565.0,8562.0,8577.0,8551.0,6190.0,530056500.0,127563.0,-21.0
OI2309.ZCE,2023-03-31 10:15:00,8578.0,8565.0,8586.0,8553.0,6158.0,527747470.0,128030.0,3.0
OI2309.ZCE,2023-03-31 10:00:00,8573.0,8578.0,8578.0,8557.0,6324.0,541708170.0,128203.0,13.0
OI2309.ZCE,2023-03-31 09:45:00,8548.0,8572.0,8585.0,8546.0,10347.0,886781300.0,128614.0,-6.0
OI2309.ZCE,2023-03-31 09:30:00,8544.0,8548.0,8553.0,8531.0,5743.0,490561940.0,128224.0,-24.0
OI2309.ZCE,2023-03-31 09:15:00,8574.0,8543.0,8575.0,8526.0,14579.0,1245255990.0,128201.0,-5.0
