number,ts_code,trade_date,pre_close,pre_settle,open,high,low,close,settle,change1,change2,vol,amount,oi,oi_chg,delv_settle
1,AG.SHF,20230418,5694.0,5695.0,5684.0,5688.0,5582.0,5626.0,5622.0,-69.0,-73.0,818995.0,6907480.4,597941.0,,
2,AG.SHF,20230417,5786.0,5767.0,5765.0,5792.0,5644.0,5694.0,5695.0,-73.0,-72.0,1339780.0,11446975.89,613246.0,,
3,AG.SHF,20230414,5688.0,5671.0,5770.0,5822.0,5724.0,5786.0,5767.0,115.0,96.0,1023030.0,8850895.27,659622.0,,
4,AG.SHF,20230413,5673.0,5621.0,5716.0,5735.0,5626.0,5688.0,5671.0,67.0,50.0,965376.0,8212230.37,639662.0,,
5,AG.SHF,20230412,5578.0,5547.0,5562.0,5692.0,5551.0,5673.0,5621.0,126.0,74.0,858230.0,7237146.33,647107.0,,
6,AG.SHF,20230411,5528.0,5544.0,5531.0,5602.0,5515.0,5578.0,5547.0,34.0,3.0,637933.0,5308119.57,630503.0,,
7,AG.SHF,20230410,5599.0,5552.0,5577.0,5583.0,5509.0,5528.0,5544.0,-24.0,-8.0,587023.0,4882483.86,613692.0,,
8,AG.SHF,20230407,5554.0,5527.0,5549.0,5606.0,5497.0,5599.0,5552.0,72.0,25.0,781104.0,6505865.1,647114.0,,
9,AG.SHF,20230406,5354.0,5343.0,5488.0,5565.0,5475.0,5554.0,5527.0,211.0,184.0,435588.0,3611803.37,628425.0,,
10,AG.SHF,20230404,5294.0,5333.0,5347.0,5376.0,5317.0,5354.0,5343.0,21.0,10.0,706367.0,5661383.97,591924.0,,
11,AG.SHF,20230403,5344.0,5309.0,5357.0,5373.0,5277.0,5294.0,5333.0,-15.0,24.0,818379.0,6547801.47,578722.0,,
12,AG.SHF,20230331,5296.0,5252.0,5316.0,5349.0,5261.0,5344.0,5309.0,92.0,57.0,763201.0,6077900.4,613255.0,,
13,AG.SHF,20230330,5212.0,5224.0,5230.0,5297.0,5219.0,5296.0,5252.0,72.0,28.0,586155.0,4618227.91,596811.0,,
14,AG.SHF,20230329,5180.0,5189.0,5201.0,5256.0,5186.0,5212.0,5224.0,23.0,35.0,620883.0,4865677.34,561075.0,,
15,AG.SHF,20230328,5201.0,5233.0,5183.0,5216.0,5166.0,5180.0,5189.0,-53.0,-44.0,513248.0,3995161.59,554575.0,,
16,AG.SHF,20230327,5217.0,5204.0,5288.0,5306.0,5175.0,5201.0,5233.0,-3.0,29.0,1134309.0,8904862.91,569303.0,,
17,AG.SHF,20230324,5185.0,5178.0,5180.0,5250.0,5162.0,5217.0,5204.0,39.0,26.0,816553.0,6374482.24,593458.0,,
18,AG.SHF,20230323,5149.0,5114.0,5117.0,5232.0,5111.0,5185.0,5178.0,71.0,64.0,977882.0,7595309.23,590402.0,,
19,AG.SHF,20230322,5132.0,5125.0,5137.0,5152.0,5085.0,5149.0,5114.0,24.0,-11.0,705934.0,5415785.51,581513.0,,
20,AG.SHF,20230321,5146.0,5112.0,5106.0,5172.0,5077.0,5132.0,5125.0,20.0,13.0,774081.0,5951359.2,578367.0,,
21,AG.SHF,20230320,5059.0,5021.0,5072.0,5175.0,5053.0,5146.0,5112.0,125.0,91.0,1153836.0,8848706.72,577271.0,,
22,AG.SHF,20230317,5042.0,5078.0,5077.0,5082.0,4968.0,5059.0,5021.0,-19.0,-57.0,923726.0,6957835.38,577491.0,,
23,AG.SHF,20230316,5055.0,5047.0,5140.0,5150.0,5034.0,5042.0,5078.0,-5.0,31.0,1056699.0,8050179.98,585341.0,,
24,AG.SHF,20230315,5057.0,5031.0,5050.0,5064.0,5025.0,5055.0,5047.0,24.0,16.0,625403.0,4735539.4,599781.0,,
25,AG.SHF,20230314,4914.0,4872.0,5054.0,5068.0,5000.0,5057.0,5031.0,185.0,159.0,1014666.0,7658412.32,609577.0,,
26,AG.SHF,20230313,4776.0,4800.0,4799.0,4929.0,4791.0,4914.0,4872.0,114.0,72.0,1173892.0,8580561.63,638118.0,,
27,AG.SHF,20230310,4783.0,4791.0,4797.0,4830.0,4758.0,4776.0,4800.0,-15.0,9.0,692784.0,4988782.53,667925.0,,
28,AG.SHF,20230309,4781.0,4837.0,4797.0,4814.0,4773.0,4783.0,4791.0,-54.0,-46.0,600322.0,4314740.78,680983.0,,
29,AG.SHF,20230308,4948.0,4965.0,4930.0,4934.0,4756.0,4781.0,4837.0,-184.0,-128.0,1056827.0,7668705.37,685938.0,,
30,AG.SHF,20230307,4978.0,4952.0,4971.0,4982.0,4944.0,4948.0,4965.0,-4.0,13.0,435238.0,3241649.53,614980.0,,
31,AG.SHF,20230306,4931.0,4908.0,4933.0,4986.0,4918.0,4978.0,4952.0,70.0,44.0,701806.0,5213468.87,620338.0,,
32,AG.SHF,20230303,4890.0,4913.0,4890.0,4942.0,4878.0,4931.0,4908.0,18.0,-5.0,586635.0,4318830.59,622189.0,,
33,AG.SHF,20230302,4935.0,4905.0,4924.0,4935.0,4885.0,4890.0,4913.0,-15.0,8.0,646690.0,4766421.21,630533.0,,
34,AG.SHF,20230301,4875.0,4881.0,4870.0,4944.0,4863.0,4935.0,4905.0,54.0,24.0,676221.0,4976101.48,621001.0,,
35,AG.SHF,20230228,4870.0,4904.0,4878.0,4895.0,4863.0,4875.0,4881.0,-29.0,-23.0,492845.0,3608846.61,639929.0,,
36,AG.SHF,20230227,4944.0,4952.0,4924.0,4939.0,4852.0,4870.0,4904.0,-82.0,-48.0,814501.0,5992632.32,638158.0,,
37,AG.SHF,20230224,4961.0,4979.0,4966.0,4980.0,4933.0,4944.0,4952.0,-35.0,-27.0,652929.0,4850228.46,604474.0,,
38,AG.SHF,20230223,4989.0,4995.0,5007.0,5016.0,4952.0,4961.0,4979.0,-34.0,-16.0,554422.0,4140756.2,596221.0,,
39,AG.SHF,20230222,4964.0,4971.0,4972.0,5017.0,4968.0,4989.0,4995.0,18.0,24.0,680003.0,5095688.82,587622.0,,
40,AG.SHF,20230221,4965.0,4921.0,4957.0,4988.0,4954.0,4964.0,4971.0,43.0,50.0,414318.0,3089709.41,594750.0,,
41,AG.SHF,20230220,4879.0,4904.0,4881.0,4982.0,4877.0,4965.0,4921.0,61.0,17.0,854180.0,6305861.94,600403.0,,
42,AG.SHF,20230217,4918.0,4906.0,4914.0,4936.0,4870.0,4879.0,4904.0,-27.0,-2.0,716961.0,5274010.36,613399.0,,
43,AG.SHF,20230216,4912.0,4928.0,4888.0,4943.0,4876.0,4918.0,4906.0,-10.0,-22.0,696389.0,5125282.4,595024.0,,
44,AG.SHF,20230215,4953.0,4941.0,4922.0,4966.0,4894.0,4912.0,4928.0,-29.0,-13.0,1111933.0,8220752.29,591573.0,,
45,AG.SHF,20230214,4939.0,4948.0,4950.0,4958.0,4916.0,4953.0,4941.0,5.0,-7.0,540187.0,4004212.87,579269.0,,
46,AG.SHF,20230213,4928.0,4970.0,4951.0,4979.0,4920.0,4939.0,4948.0,-31.0,-22.0,746178.0,5538724.83,571580.0,,
47,AG.SHF,20230210,5002.0,4999.0,5003.0,5046.0,4901.0,4928.0,4970.0,-71.0,-29.0,1128205.0,8412223.7,586489.0,,
48,AG.SHF,20230209,4993.0,4995.0,5013.0,5026.0,4977.0,5002.0,4999.0,7.0,4.0,684643.0,5134741.91,571409.0,,
49,AG.SHF,20230208,5008.0,5008.0,5000.0,5023.0,4963.0,4993.0,4995.0,-15.0,-13.0,866594.0,6494144.36,572810.0,,
50,AG.SHF,20230207,5026.0,5080.0,5026.0,5034.0,4984.0,5008.0,5008.0,-72.0,-72.0,729592.0,5480902.51,561049.0,,
51,AG.SHF,20230206,5197.0,5274.0,5200.0,5205.0,5005.0,5026.0,5080.0,-248.0,-194.0,1326967.0,10113337.06,542159.0,,
52,AG.SHF,20230203,5305.0,5258.0,5364.0,5397.0,5182.0,5197.0,5274.0,-61.0,16.0,1274557.0,10083070.29,506779.0,,
53,AG.SHF,20230202,5222.0,5207.0,5207.0,5351.0,5169.0,5305.0,5258.0,98.0,51.0,864671.0,6820729.69,510715.0,,
54,AG.SHF,20230201,5185.0,5218.0,5147.0,5239.0,5143.0,5222.0,5207.0,4.0,-11.0,567882.0,4435874.22,494636.0,,
55,AG.SHF,20230131,5243.0,5233.0,5240.0,5253.0,5171.0,5185.0,5218.0,-48.0,-15.0,514247.0,4025571.1035,482683.0,,
56,AG.SHF,20230130,5311.0,5227.0,5247.0,5267.0,5208.0,5243.0,5233.0,16.0,6.0,243401.0,1910680.0275,465016.0,,
57,AG.SHF,20230120,5165.0,5245.0,5171.0,5320.0,5126.0,5311.0,5227.0,66.0,-18.0,857724.0,6725500.46,457959.0,,
58,AG.SHF,20230119,5309.0,5307.0,5333.0,5350.0,5144.0,5165.0,5245.0,-142.0,-62.0,1024926.0,8065121.36,474493.0,,
59,AG.SHF,20230118,5311.0,5321.0,5314.0,5342.0,5274.0,5309.0,5307.0,-12.0,-14.0,643008.0,5118929.21,472775.0,,
60,AG.SHF,20230117,5329.0,5281.0,5299.0,5362.0,5270.0,5311.0,5321.0,30.0,40.0,525749.0,4196383.39,474097.0,,
61,AG.SHF,20230116,5225.0,5241.0,5194.0,5367.0,5181.0,5329.0,5281.0,88.0,40.0,794529.0,6294812.24,466795.0,,
62,AG.SHF,20230113,5215.0,5206.0,5245.0,5295.0,5196.0,5225.0,5241.0,19.0,35.0,779092.0,6125997.66,429571.0,,
63,AG.SHF,20230112,5239.0,5232.0,5260.0,5267.0,5155.0,5215.0,5206.0,-17.0,-26.0,573028.0,4474946.8,422927.0,,
64,AG.SHF,20230111,5183.0,5209.0,5171.0,5252.0,5156.0,5239.0,5200.0,30.0,-9.0,281584.0,2196464.85,116412.0,,
65,AG.SHF,20230110,5252.0,5216.0,5242.0,5253.0,5157.0,5183.0,5209.0,-33.0,-7.0,354933.0,2773398.99,131314.0,,
66,AG.SHF,20230109,5156.0,5158.0,5158.0,5272.0,5149.0,5252.0,5216.0,94.0,58.0,507219.0,3968672.53,140206.0,,
67,AG.SHF,20230106,5210.0,5305.0,5190.0,5204.0,5123.0,5156.0,5158.0,-149.0,-147.0,485436.0,3755835.06,146063.0,,
68,AG.SHF,20230105,5343.0,5361.0,5346.0,5378.0,5209.0,5210.0,5305.0,-151.0,-56.0,557300.0,4435444.06,163692.0,,
69,AG.SHF,20230104,5395.0,5361.0,5378.0,5413.0,5313.0,5343.0,5361.0,-18.0,0.0,473048.0,3804641.85,170806.0,,
70,AG.SHF,20230103,5363.0,5349.0,5372.0,5408.0,5307.0,5395.0,5361.0,46.0,12.0,310707.0,2498950.27,188002.0,,
71,AG.SHF,20221230,5286.0,5299.0,5316.0,5374.0,5312.0,5363.0,5349.0,64.0,50.0,495278.0,3974265.51,199895.0,,
72,AG.SHF,20221229,5356.0,5363.0,5347.0,5354.0,5254.0,5286.0,5299.0,-77.0,-64.0,574448.0,4566813.24,216828.0,,
73,AG.SHF,20221228,5387.0,5345.0,5379.0,5400.0,5327.0,5356.0,5363.0,11.0,18.0,573023.0,4610307.71,220284.0,,
74,AG.SHF,20221227,5326.0,5310.0,5323.0,5403.0,5306.0,5387.0,5345.0,77.0,35.0,390535.0,3131453.44,232672.0,,
75,AG.SHF,20221226,5292.0,5285.0,5300.0,5345.0,5281.0,5326.0,5310.0,41.0,25.0,601794.0,4793575.61,245948.0,,
76,AG.SHF,20221223,5322.0,5378.0,5333.0,5348.0,5239.0,5292.0,5285.0,-86.0,-93.0,686072.0,5439182.63,311573.0,,
77,AG.SHF,20221222,5372.0,5359.0,5365.0,5411.0,5310.0,5322.0,5378.0,-37.0,19.0,664828.0,5363377.4,333995.0,,
78,AG.SHF,20221221,5221.0,5214.0,5313.0,5434.0,5285.0,5372.0,5359.0,158.0,145.0,929127.0,7470121.36,349595.0,,
79,AG.SHF,20221220,5224.0,5226.0,5240.0,5256.0,5170.0,5221.0,5214.0,-5.0,-12.0,754977.0,5905200.52,346970.0,,
80,AG.SHF,20221219,5208.0,5243.0,5200.0,5273.0,5174.0,5224.0,5226.0,-19.0,-17.0,983739.0,7712456.75,354260.0,,
81,AG.SHF,20221216,5285.0,5351.0,5274.0,5303.0,5166.0,5208.0,5243.0,-143.0,-108.0,1055897.0,8305291.41,366479.0,,
82,AG.SHF,20221215,5403.0,5391.0,5371.0,5432.0,5248.0,5285.0,5351.0,-106.0,-40.0,903914.0,7256119.32,366162.0,,
83,AG.SHF,20221214,5320.0,5296.0,5324.0,5443.0,5308.0,5403.0,5391.0,107.0,95.0,1197428.0,9683352.86,396093.0,,
84,AG.SHF,20221213,5303.0,5290.0,5297.0,5338.0,5247.0,5320.0,5296.0,30.0,6.0,795492.0,6319987.72,380488.0,,
85,AG.SHF,20221212,5255.0,5229.0,5249.0,5355.0,5242.0,5303.0,5290.0,74.0,61.0,1008241.0,8000650.18,372125.0,,
86,AG.SHF,20221209,5159.0,5135.0,5166.0,5281.0,5155.0,5255.0,5229.0,120.0,94.0,867823.0,6807862.68,367335.0,,
87,AG.SHF,20221208,5095.0,5104.0,5108.0,5170.0,5091.0,5159.0,5135.0,55.0,31.0,814778.0,6277018.07,354737.0,,
88,AG.SHF,20221207,5104.0,5144.0,5144.0,5144.0,5066.0,5095.0,5104.0,-49.0,-40.0,723374.0,5538461.9,353786.0,,
89,AG.SHF,20221206,5236.0,5241.0,5218.0,5232.0,5095.0,5104.0,5144.0,-137.0,-97.0,952509.0,7350213.9,346447.0,,
90,AG.SHF,20221205,5221.0,5147.0,5180.0,5357.0,5139.0,5236.0,5241.0,89.0,94.0,1352140.0,10629927.37,367282.0,,
91,AG.SHF,20221202,5104.0,5022.0,5085.0,5243.0,5085.0,5221.0,5147.0,199.0,125.0,942897.0,7280621.03,389262.0,,
92,AG.SHF,20221201,4922.0,4941.0,4945.0,5118.0,4943.0,5104.0,5022.0,163.0,81.0,949524.0,7152906.18,370440.0,,
93,AG.SHF,20221130,4914.0,4944.0,4950.0,4970.0,4921.0,4922.0,4941.0,-22.0,-3.0,627192.0,4648549.01,306944.0,,
94,AG.SHF,20221129,4921.0,4920.0,4939.0,4991.0,4887.0,4914.0,4925.0,-6.0,5.0,384672.0,2842321.19,121626.0,,
95,AG.SHF,20221128,4935.0,4936.0,4928.0,4952.0,4897.0,4921.0,4920.0,-15.0,-16.0,362225.0,2673426.23,159642.0,,
96,AG.SHF,20221125,4942.0,4905.0,4946.0,4956.0,4915.0,4935.0,4936.0,30.0,31.0,319733.0,2367606.8,208029.0,,
97,AG.SHF,20221124,4859.0,4837.0,4861.0,4971.0,4843.0,4942.0,4905.0,105.0,68.0,561144.0,4128908.38,242550.0,,
98,AG.SHF,20221123,4834.0,4825.0,4849.0,4868.0,4815.0,4859.0,4837.0,34.0,12.0,403144.0,2925351.81,250434.0,,
99,AG.SHF,20221122,4802.0,4825.0,4790.0,4863.0,4781.0,4834.0,4825.0,9.0,0.0,505523.0,3659116.46,262683.0,,
100,AG.SHF,20221121,4857.0,4849.0,4855.0,4871.0,4784.0,4802.0,4825.0,-47.0,-24.0,603243.0,4366162.57,279804.0,,
101,AG.SHF,20221118,4909.0,4916.0,4880.0,4887.0,4815.0,4857.0,4849.0,-59.0,-67.0,604000.0,4393778.37,300162.0,,
102,AG.SHF,20221117,4916.0,4922.0,4970.0,4976.0,4867.0,4909.0,4916.0,-13.0,-6.0,721039.0,5317744.79,320598.0,,
103,AG.SHF,20221116,4956.0,4947.0,4943.0,4990.0,4870.0,4916.0,4922.0,-31.0,-25.0,818276.0,6041597.3,334119.0,,
104,AG.SHF,20221115,4873.0,4919.0,4899.0,4983.0,4886.0,4956.0,4947.0,37.0,28.0,732375.0,5435369.55,352817.0,,
105,AG.SHF,20221114,4996.0,4989.0,4954.0,4968.0,4850.0,4873.0,4919.0,-116.0,-70.0,907132.0,6693752.87,346864.0,,
106,AG.SHF,20221111,4919.0,4930.0,4921.0,5033.0,4913.0,4996.0,4989.0,66.0,59.0,1189956.0,8905941.91,385119.0,,
107,AG.SHF,20221110,4939.0,4911.0,4923.0,4993.0,4890.0,4919.0,4930.0,8.0,19.0,977288.0,7228469.81,403363.0,,
108,AG.SHF,20221109,4795.0,4799.0,4802.0,4983.0,4799.0,4939.0,4911.0,140.0,112.0,1165933.0,8588906.97,421717.0,,
109,AG.SHF,20221108,4741.0,4723.0,4753.0,4843.0,4742.0,4795.0,4799.0,72.0,76.0,813562.0,5856735.32,423858.0,,
110,AG.SHF,20221107,4624.0,4585.0,4704.0,4764.0,4688.0,4741.0,4723.0,156.0,138.0,864542.0,6125808.73,432153.0,,
111,AG.SHF,20221104,4573.0,4627.0,4520.0,4643.0,4516.0,4624.0,4585.0,-3.0,-42.0,742166.0,5104616.34,407550.0,,
112,AG.SHF,20221103,4634.0,4641.0,4663.0,4690.0,4552.0,4573.0,4627.0,-68.0,-14.0,690472.0,4793097.63,406863.0,,
113,AG.SHF,20221102,4634.0,4563.0,4660.0,4686.0,4603.0,4634.0,4641.0,71.0,78.0,636257.0,4429329.31,422758.0,,
114,AG.SHF,20221101,4527.0,4524.0,4525.0,4644.0,4490.0,4634.0,4563.0,110.0,39.0,607745.0,4160489.17,430223.0,,
115,AG.SHF,20221031,4575.0,4588.0,4555.0,4574.0,4489.0,4527.0,4524.0,-61.0,-64.0,637352.0,4325670.53,418040.0,,
116,AG.SHF,20221028,4564.0,4584.0,4582.0,4607.0,4571.0,4575.0,4588.0,-9.0,4.0,567080.0,3903428.29,440148.0,,
117,AG.SHF,20221027,4617.0,4587.0,4567.0,4603.0,4561.0,4564.0,4584.0,-23.0,-3.0,527311.0,3626276.19,454426.0,,
118,AG.SHF,20221026,4575.0,4553.0,4515.0,4624.0,4515.0,4617.0,4587.0,64.0,34.0,753965.0,5188523.84,475922.0,,
119,AG.SHF,20221025,4542.0,4478.0,4550.0,4579.0,4527.0,4575.0,4553.0,97.0,75.0,591243.0,4037955.44,463961.0,,
120,AG.SHF,20221024,4384.0,4407.0,4384.0,4561.0,4384.0,4542.0,4478.0,135.0,71.0,1103519.0,7413148.33,471834.0,,
121,AG.SHF,20221021,4370.0,4377.0,4378.0,4440.0,4370.0,4384.0,4407.0,7.0,30.0,551065.0,3643420.84,435017.0,,
122,AG.SHF,20221020,4388.0,4400.0,4377.0,4399.0,4355.0,4370.0,4377.0,-30.0,-23.0,450969.0,2961002.41,448135.0,,
123,AG.SHF,20221019,4421.0,4407.0,4422.0,4430.0,4381.0,4388.0,4400.0,-19.0,-7.0,432113.0,2852438.93,441525.0,,
124,AG.SHF,20221018,4369.0,4380.0,4430.0,4430.0,4387.0,4421.0,4407.0,41.0,27.0,445806.0,2947520.7,442592.0,,
125,AG.SHF,20221017,4447.0,4415.0,4409.0,4428.0,4351.0,4369.0,4380.0,-46.0,-35.0,703424.0,4622021.38,453494.0,,
126,AG.SHF,20221014,4436.0,4450.0,4380.0,4455.0,4379.0,4447.0,4415.0,-3.0,-35.0,689852.0,4569128.42,446175.0,,
127,AG.SHF,20221013,4490.0,4497.0,4473.0,4479.0,4428.0,4436.0,4450.0,-61.0,-47.0,470932.0,3143619.34,440683.0,,
128,AG.SHF,20221012,4524.0,4539.0,4528.0,4538.0,4454.0,4490.0,4497.0,-49.0,-42.0,530467.0,3578765.68,435669.0,,
129,AG.SHF,20221011,4544.0,4550.0,4570.0,4574.0,4511.0,4524.0,4539.0,-26.0,-11.0,461296.0,3141214.29,438001.0,,
130,AG.SHF,20221010,4424.0,4374.0,4580.0,4585.0,4510.0,4544.0,4550.0,170.0,176.0,326442.0,2228109.25,431959.0,,
131,AG.SHF,20220930,4385.0,4362.0,4380.0,4427.0,4339.0,4424.0,4374.0,62.0,12.0,615011.0,4035397.12,416766.0,,
132,AG.SHF,20220929,4281.0,4330.0,4320.0,4416.0,4300.0,4385.0,4362.0,55.0,32.0,813534.0,5323958.16,430354.0,,
133,AG.SHF,20220928,4355.0,4368.0,4368.0,4378.0,4274.0,4281.0,4330.0,-87.0,-38.0,668083.0,4339845.56,443956.0,,
134,AG.SHF,20220927,4364.0,4411.0,4400.0,4419.0,4307.0,4355.0,4368.0,-56.0,-43.0,631294.0,4137154.43,434549.0,,
135,AG.SHF,20220926,4542.0,4522.0,4430.0,4471.0,4339.0,4364.0,4411.0,-158.0,-111.0,829758.0,5490717.91,445512.0,,
136,AG.SHF,20220923,4474.0,4468.0,4541.0,4555.0,4493.0,4542.0,4522.0,74.0,54.0,576274.0,3909054.18,481254.0,,
137,AG.SHF,20220922,4443.0,4405.0,4490.0,4508.0,4432.0,4474.0,4468.0,69.0,63.0,683004.0,4577899.97,465198.0,,
138,AG.SHF,20220921,4426.0,4425.0,4390.0,4455.0,4365.0,4443.0,4405.0,18.0,-20.0,481261.0,3180028.64,465290.0,,
139,AG.SHF,20220920,4405.0,4409.0,4404.0,4464.0,4387.0,4426.0,4425.0,17.0,16.0,481294.0,3194829.39,468453.0,,
140,AG.SHF,20220919,4362.0,4391.0,4368.0,4450.0,4353.0,4405.0,4409.0,14.0,18.0,605967.0,4008107.82,471961.0,,
141,AG.SHF,20220916,4399.0,4430.0,4429.0,4442.0,4344.0,4362.0,4391.0,-68.0,-39.0,692903.0,4564829.47,476568.0,,
142,AG.SHF,20220915,4402.0,4407.0,4443.0,4452.0,4394.0,4399.0,4430.0,-8.0,23.0,478130.0,3177360.36,487046.0,,
143,AG.SHF,20220914,4466.0,4457.0,4420.0,4453.0,4353.0,4402.0,4407.0,-55.0,-50.0,626393.0,4141426.95,499794.0,,
144,AG.SHF,20220913,4326.0,4266.0,4500.0,4500.0,4433.0,4466.0,4457.0,200.0,191.0,320533.0,2143357.84,511403.0,,
145,AG.SHF,20220909,4253.0,4220.0,4229.0,4329.0,4223.0,4326.0,4266.0,106.0,46.0,608562.0,3894876.59,524099.0,,
146,AG.SHF,20220908,4185.0,4173.0,4201.0,4260.0,4174.0,4253.0,4220.0,80.0,47.0,531974.0,3367939.31,536936.0,,
147,AG.SHF,20220907,4230.0,4208.0,4210.0,4213.0,4133.0,4185.0,4173.0,-23.0,-35.0,575358.0,3602123.12,542218.0,,
148,AG.SHF,20220906,4191.0,4183.0,4203.0,4235.0,4180.0,4230.0,4208.0,47.0,25.0,330849.0,2088804.95,536881.0,,
149,AG.SHF,20220905,4160.0,4139.0,4171.0,4207.0,4156.0,4191.0,4183.0,52.0,44.0,594263.0,3729502.56,547676.0,,
150,AG.SHF,20220902,4120.0,4140.0,4114.0,4172.0,4106.0,4160.0,4139.0,20.0,-1.0,593945.0,3687608.13,555416.0,,
151,AG.SHF,20220901,4202.0,4216.0,4138.0,4177.0,4094.0,4120.0,4140.0,-96.0,-76.0,652762.0,4053882.0,574729.0,,
152,AG.SHF,20220831,4247.0,4261.0,4230.0,4252.0,4193.0,4202.0,4216.0,-59.0,-45.0,510879.0,3230904.8,545440.0,,
153,AG.SHF,20220830,4234.0,4294.0,4260.0,4283.0,4239.0,4247.0,4261.0,-47.0,-33.0,418818.0,2676888.42,521786.0,,
154,AG.SHF,20220829,4318.0,4316.0,4322.0,4365.0,4225.0,4234.0,4294.0,-82.0,-22.0,894893.0,5765288.74,532175.0,,
155,AG.SHF,20220826,4334.0,4317.0,4320.0,4331.0,4302.0,4318.0,4316.0,1.0,-1.0,400496.0,2592902.33,496785.0,,
156,AG.SHF,20220825,4310.0,4302.0,4310.0,4345.0,4283.0,4334.0,4317.0,32.0,15.0,509361.0,3298375.94,503924.0,,
157,AG.SHF,20220824,4270.0,4275.0,4260.0,4331.0,4250.0,4310.0,4302.0,35.0,27.0,553161.0,3569922.35,513548.0,,
158,AG.SHF,20220823,4257.0,4267.0,4228.0,4313.0,4223.0,4270.0,4275.0,3.0,8.0,553369.0,3548940.21,522174.0,,
159,AG.SHF,20220822,4300.0,4326.0,4289.0,4300.0,4236.0,4257.0,4267.0,-69.0,-59.0,510391.0,3266889.17,518627.0,,
160,AG.SHF,20220819,4336.0,4368.0,4380.0,4383.0,4272.0,4300.0,4326.0,-68.0,-42.0,594380.0,3856970.57,507487.0,,
161,AG.SHF,20220818,4441.0,4442.0,4405.0,4416.0,4328.0,4336.0,4368.0,-106.0,-74.0,610781.0,4002513.45,511727.0,,
162,AG.SHF,20220817,4455.0,4452.0,4415.0,4461.0,4406.0,4441.0,4442.0,-11.0,-10.0,412150.0,2746719.45,486215.0,,
163,AG.SHF,20220816,4532.0,4534.0,4459.0,4481.0,4426.0,4455.0,4452.0,-79.0,-82.0,530758.0,3545150.58,487952.0,,
164,AG.SHF,20220815,4488.0,4471.0,4492.0,4595.0,4476.0,4532.0,4534.0,61.0,63.0,639221.0,4347895.59,499295.0,,
165,AG.SHF,20220812,4501.0,4514.0,4503.0,4513.0,4437.0,4488.0,4471.0,-26.0,-43.0,488678.0,3277754.95,493360.0,,
166,AG.SHF,20220811,4488.0,4503.0,4521.0,4550.0,4480.0,4501.0,4514.0,-2.0,11.0,491672.0,3329501.8,494721.0,,
167,AG.SHF,20220810,4517.0,4507.0,4520.0,4541.0,4474.0,4488.0,4503.0,-19.0,-4.0,450621.0,3043788.03,497497.0,,
168,AG.SHF,20220809,4396.0,4365.0,4452.0,4544.0,4447.0,4517.0,4507.0,152.0,142.0,624995.0,4225886.19,516192.0,,
169,AG.SHF,20220808,4470.0,4455.0,4350.0,4405.0,4324.0,4396.0,4365.0,-59.0,-90.0,668868.0,4379566.03,501075.0,,
170,AG.SHF,20220805,4423.0,4420.0,4443.0,4486.0,4421.0,4470.0,4455.0,50.0,35.0,472296.0,3156246.71,519907.0,,
171,AG.SHF,20220804,4405.0,4439.0,4448.0,4457.0,4395.0,4423.0,4420.0,-16.0,-19.0,487915.0,3235206.17,506390.0,,
172,AG.SHF,20220803,4461.0,4473.0,4486.0,4497.0,4370.0,4405.0,4439.0,-68.0,-34.0,743015.0,4947381.35,503618.0,,
173,AG.SHF,20220802,4443.0,4449.0,4472.0,4507.0,4427.0,4461.0,4473.0,12.0,24.0,623963.0,4186524.02,515283.0,,
174,AG.SHF,20220801,4462.0,4406.0,4426.0,4484.0,4405.0,4443.0,4449.0,37.0,43.0,724016.0,4832538.9,520122.0,,
175,AG.SHF,20220729,4318.0,4235.0,4365.0,4472.0,4334.0,4462.0,4406.0,227.0,171.0,875488.0,5786639.82,537198.0,,
176,AG.SHF,20220728,4165.0,4169.0,4178.0,4323.0,4141.0,4318.0,4235.0,149.0,66.0,735296.0,4671814.47,524922.0,,
177,AG.SHF,20220727,4152.0,4129.0,4144.0,4194.0,4139.0,4165.0,4169.0,36.0,40.0,434824.0,2719394.85,517416.0,,
178,AG.SHF,20220726,4147.0,4169.0,4143.0,4166.0,4104.0,4152.0,4129.0,-17.0,-40.0,450463.0,2790265.82,532395.0,,
179,AG.SHF,20220725,4182.0,4174.0,4178.0,4216.0,4104.0,4147.0,4169.0,-27.0,-5.0,648169.0,4054053.85,534413.0,,
180,AG.SHF,20220722,4123.0,4171.0,4143.0,4203.0,4136.0,4182.0,4174.0,11.0,3.0,610184.0,3820835.24,525382.0,,
181,AG.SHF,20220721,4144.0,4142.0,4154.0,4234.0,4119.0,4123.0,4171.0,-19.0,29.0,609827.0,3815983.58,529993.0,,
182,AG.SHF,20220720,4131.0,4141.0,4143.0,4160.0,4124.0,4144.0,4142.0,3.0,1.0,392668.0,2439804.35,523237.0,,
183,AG.SHF,20220719,4151.0,4120.0,4151.0,4181.0,4096.0,4131.0,4141.0,11.0,21.0,490594.0,3047945.38,527727.0,,
184,AG.SHF,20220718,4021.0,4065.0,4096.0,4164.0,4077.0,4151.0,4120.0,86.0,55.0,678965.0,4196629.72,521637.0,,
185,AG.SHF,20220715,4199.0,4227.0,4099.0,4101.0,4018.0,4021.0,4065.0,-206.0,-162.0,836372.0,5100241.79,543648.0,,
186,AG.SHF,20220714,4194.0,4194.0,4176.0,4284.0,4163.0,4199.0,4227.0,5.0,33.0,866427.0,5493930.35,525309.0,,
187,AG.SHF,20220713,4209.0,4214.0,4191.0,4221.0,4164.0,4194.0,4194.0,-20.0,-20.0,523998.0,3296680.2,523376.0,,
188,AG.SHF,20220712,4232.0,4239.0,4246.0,4258.0,4148.0,4209.0,4214.0,-30.0,-25.0,661340.0,4180772.03,530807.0,,
189,AG.SHF,20220711,4233.0,4249.0,4220.0,4273.0,4201.0,4232.0,4239.0,-17.0,-10.0,596218.0,3791363.82,532211.0,,
190,AG.SHF,20220708,4242.0,4232.0,4250.0,4287.0,4208.0,4233.0,4249.0,1.0,17.0,530002.0,3378149.82,538488.0,,
191,AG.SHF,20220707,4229.0,4245.0,4245.0,4286.0,4178.0,4242.0,4232.0,-3.0,-13.0,871165.0,5530595.17,530908.0,,
192,AG.SHF,20220706,4382.0,4381.0,4346.0,4351.0,4157.0,4229.0,4245.0,-152.0,-136.0,950809.0,6054554.54,546259.0,,
193,AG.SHF,20220705,4327.0,4327.0,4325.0,4429.0,4318.0,4382.0,4381.0,55.0,54.0,449992.0,2957570.79,532189.0,,
194,AG.SHF,20220704,4351.0,4438.0,4284.0,4365.0,4280.0,4327.0,4327.0,-111.0,-111.0,691288.0,4487039.33,566946.0,,
195,AG.SHF,20220701,4522.0,4531.0,4497.0,4524.0,4346.0,4351.0,4438.0,-180.0,-93.0,816118.0,5433366.25,575737.0,,
196,AG.SHF,20220630,4527.0,4552.0,4560.0,4586.0,4501.0,4522.0,4531.0,-30.0,-21.0,524976.0,3568101.1,517656.0,,
197,AG.SHF,20220629,4607.0,4595.0,4596.0,4613.0,4509.0,4527.0,4552.0,-68.0,-43.0,520238.0,3552321.33,506485.0,,
198,AG.SHF,20220628,4633.0,4557.0,4625.0,4649.0,4551.0,4607.0,4595.0,50.0,38.0,484511.0,3339536.4,475213.0,,
199,AG.SHF,20220627,4525.0,4577.0,4514.0,4648.0,4454.0,4633.0,4557.0,56.0,-20.0,722200.0,4937626.88,478055.0,,
200,AG.SHF,20220624,4649.0,4659.0,4642.0,4667.0,4483.0,4525.0,4577.0,-134.0,-82.0,790802.0,5429862.76,513139.0,,
201,AG.SHF,20220623,4649.0,4699.0,4680.0,4690.0,4621.0,4649.0,4659.0,-50.0,-40.0,445702.0,3114954.6,473402.0,,
202,AG.SHF,20220622,4669.0,4700.0,4715.0,4753.0,4634.0,4649.0,4699.0,-51.0,-1.0,513378.0,3618820.12,464406.0,,
203,AG.SHF,20220621,4715.0,4729.0,4709.0,4729.0,4665.0,4669.0,4700.0,-60.0,-29.0,336608.0,2373553.51,444694.0,,
204,AG.SHF,20220620,4778.0,4749.0,4783.0,4790.0,4672.0,4715.0,4729.0,-34.0,-20.0,509734.0,3615855.57,436765.0,,
205,AG.SHF,20220617,4724.0,4708.0,4724.0,4789.0,4703.0,4778.0,4749.0,70.0,41.0,537661.0,3830405.76,441773.0,,
206,AG.SHF,20220616,4647.0,4629.0,4700.0,4745.0,4673.0,4724.0,4708.0,95.0,79.0,559197.0,3949434.03,460583.0,,
207,AG.SHF,20220615,4663.0,4657.0,4663.0,4668.0,4598.0,4647.0,4629.0,-10.0,-28.0,470197.0,3264935.21,488138.0,,
208,AG.SHF,20220614,4738.0,4739.0,4715.0,4726.0,4623.0,4663.0,4657.0,-76.0,-82.0,627991.0,4387719.01,479436.0,,
209,AG.SHF,20220613,4705.0,4723.0,4703.0,4796.0,4664.0,4738.0,4739.0,15.0,16.0,657452.0,4674009.34,442663.0,,
210,AG.SHF,20220610,4778.0,4794.0,4765.0,4781.0,4683.0,4705.0,4723.0,-89.0,-71.0,455347.0,3226182.34,452554.0,,
211,AG.SHF,20220609,4811.0,4796.0,4799.0,4818.0,4764.0,4778.0,4794.0,-18.0,-2.0,326422.0,2347372.05,423154.0,,
212,AG.SHF,20220608,4777.0,4797.0,4778.0,4814.0,4769.0,4811.0,4796.0,14.0,-1.0,299139.0,2152327.06,414956.0,,
213,AG.SHF,20220607,4824.0,4804.0,4848.0,4850.0,4757.0,4777.0,4797.0,-27.0,-7.0,343431.0,2471340.84,412660.0,,
214,AG.SHF,20220606,4743.0,4721.0,4750.0,4834.0,4734.0,4824.0,4804.0,103.0,83.0,242664.0,1748763.34,406441.0,,
215,AG.SHF,20220602,4673.0,4689.0,4707.0,4751.0,4692.0,4743.0,4721.0,54.0,32.0,374055.0,2649020.92,414716.0,,
216,AG.SHF,20220601,4716.0,4722.0,4695.0,4727.0,4657.0,4673.0,4689.0,-49.0,-33.0,336900.0,2370060.68,440890.0,,
217,AG.SHF,20220531,4795.0,4813.0,4782.0,4783.0,4676.0,4716.0,4722.0,-97.0,-91.0,364829.0,2584344.47,421157.0,,
218,AG.SHF,20220530,4836.0,4813.0,4837.0,4853.0,4783.0,4795.0,4813.0,-18.0,0.0,325253.0,2348614.05,376708.0,,
219,AG.SHF,20220527,4745.0,4769.0,4772.0,4841.0,4766.0,4836.0,4813.0,67.0,44.0,336317.0,2428535.35,362246.0,,
220,AG.SHF,20220526,4763.0,4772.0,4763.0,4763.0,4730.0,4745.0,4746.0,-27.0,-26.0,168161.0,1197267.98,137642.0,,
221,AG.SHF,20220525,4731.0,4725.0,4750.0,4793.0,4746.0,4763.0,4772.0,38.0,47.0,252946.0,1810728.75,152869.0,,
222,AG.SHF,20220524,4757.0,4740.0,4761.0,4764.0,4701.0,4731.0,4725.0,-9.0,-15.0,233329.0,1653873.83,181357.0,,
223,AG.SHF,20220523,4775.0,4771.0,4741.0,4767.0,4714.0,4757.0,4740.0,-14.0,-31.0,340757.0,2422910.53,199351.0,,
224,AG.SHF,20220520,4707.0,4705.0,4754.0,4787.0,4748.0,4775.0,4771.0,70.0,66.0,366734.0,2624854.3,219154.0,,
225,AG.SHF,20220519,4707.0,4726.0,4716.0,4731.0,4675.0,4707.0,4705.0,-19.0,-21.0,346753.0,2447255.94,243298.0,,
226,AG.SHF,20220518,4750.0,4733.0,4756.0,4757.0,4700.0,4707.0,4726.0,-26.0,-7.0,304091.0,2155799.8,257762.0,,
227,AG.SHF,20220517,4662.0,4637.0,4686.0,4765.0,4677.0,4750.0,4733.0,113.0,96.0,403220.0,2862663.85,278386.0,,
228,AG.SHF,20220516,4629.0,4652.0,4600.0,4699.0,4564.0,4662.0,4637.0,10.0,-15.0,605645.0,4213374.41,309809.0,,
229,AG.SHF,20220513,4718.0,4748.0,4664.0,4695.0,4612.0,4629.0,4652.0,-119.0,-96.0,567853.0,3962707.48,337355.0,,
230,AG.SHF,20220512,4739.0,4749.0,4708.0,4788.0,4696.0,4718.0,4748.0,-31.0,-1.0,514561.0,3664797.15,330906.0,,
231,AG.SHF,20220511,4801.0,4792.0,4799.0,4825.0,4685.0,4739.0,4749.0,-53.0,-43.0,561517.0,4000227.36,339199.0,,
232,AG.SHF,20220510,4824.0,4838.0,4777.0,4827.0,4760.0,4801.0,4792.0,-37.0,-46.0,483764.0,3477542.34,337472.0,,
233,AG.SHF,20220509,4821.0,4855.0,4820.0,4869.0,4812.0,4824.0,4838.0,-31.0,-17.0,384606.0,2791645.82,349681.0,,
234,AG.SHF,20220506,4920.0,4940.0,4952.0,4957.0,4790.0,4821.0,4855.0,-119.0,-85.0,622411.0,4532935.56,362776.0,,
235,AG.SHF,20220505,4954.0,4920.0,4900.0,4974.0,4893.0,4920.0,4940.0,0.0,20.0,181256.0,1343296.83,368231.0,,
236,AG.SHF,20220429,4905.0,4923.0,4895.0,4961.0,4888.0,4954.0,4920.0,31.0,-3.0,410454.0,3029573.27,368557.0,,
237,AG.SHF,20220428,4941.0,4970.0,4952.0,4980.0,4862.0,4905.0,4923.0,-65.0,-47.0,551892.0,4075963.95,401250.0,,
238,AG.SHF,20220427,4971.0,4980.0,4951.0,5006.0,4938.0,4941.0,4970.0,-39.0,-10.0,415969.0,3101312.6,420752.0,,
239,AG.SHF,20220426,4985.0,5039.0,4949.0,5013.0,4942.0,4971.0,4980.0,-68.0,-59.0,465545.0,3477650.63,414742.0,,
240,AG.SHF,20220425,5098.0,5103.0,5066.0,5094.0,4970.0,4985.0,5039.0,-118.0,-64.0,567717.0,4291745.07,423529.0,,
241,AG.SHF,20220422,5174.0,5174.0,5130.0,5138.0,5078.0,5098.0,5103.0,-76.0,-71.0,537970.0,4118484.04,437389.0,,
242,AG.SHF,20220421,5147.0,5183.0,5163.0,5191.0,5155.0,5174.0,5174.0,-9.0,-9.0,334156.0,2593533.99,431165.0,,
243,AG.SHF,20220420,5258.0,5290.0,5265.0,5266.0,5135.0,5147.0,5183.0,-143.0,-107.0,603358.0,4691022.38,439350.0,,
244,AG.SHF,20220419,5275.0,5282.0,5331.0,5335.0,5253.0,5258.0,5290.0,-24.0,8.0,417623.0,3314274.2,463983.0,,
245,AG.SHF,20220418,5235.0,5213.0,5240.0,5339.0,5234.0,5275.0,5282.0,62.0,69.0,417639.0,3309489.27,470116.0,,
